ID,Date,Age,Gender,Education,Stress,Anxiety,Mood,Life_Satisfaction,Sleep_Hours,Physical_Activity_Days,Resilience,Self_Esteem,Empathy,Self_Control,Main_Stress_Factor
1,2023-05-16,54,Male,Elementary,79,45,56,58,5.6,4,41,51,23,21,Family
2,2024-10-22,44,Female,Elementary,83,56,24,74,5.3,0,39,37,56,23,Other
3,2024-11-05,30,Male,Postgraduate,54,87,79,60,4.8,5,27,34,36,58,Studies
4,2023-03-03,58,Male,PhD,89,69,56,58,9.1,2,48,59,58,25,Other
5,2023-07-26,23,Female,PhD,49,43,87,32,7.5,4,59,92,67,88,Other
6,2023-09-30,36,Female,Postgraduate,90,38,84,83,4.5,2,49,93,65,88,Work
7,2023-07-07,54,Male,Master,93,79,18,30,6.3,6,74,25,67,39,Studies
8,2024-09-25,34,Male,Elementary,82,58,99,38,6.2,5,35,82,58,83,Finance
9,2024-02-02,38,Male,Elementary,47,93,25,30,5.1,0,65,86,23,35,Finance
10,2024-09-02,26,Male,Master,79,37,78,96,6.6,5,81,30,49,70,Other
11,2023-09-16,26,Male,PhD,98,38,70,65,6.0,4,26,62,49,56,Work
12,2023-01-03,39,Male,Bachelor,56,55,19,64,6.1,1,99,36,41,92,Studies
13,2023-09-27,51,Male,Bachelor,41,93,59,20,8.4,6,64,23,94,88,Finance
14,2024-06-16,55,Male,Bachelor,87,74,12,59,5.3,0,78,82,85,61,Health
15,2024-05-11,39,Male,PhD,39,88,86,38,7.9,3,75,87,31,76,Relationships
16,2024-05-21,18,Male,PhD,87,66,79,95,7.4,6,67,60,55,85,Relationships
17,2023-03-23,37,Male,Master,83,68,90,91,7.4,2,46,24,37,28,Finance
18,2023-05-06,17,Male,Elementary,36,52,60,91,8.0,5,72,51,72,83,Studies
19,2024-03-11,39,Female,Master,31,40,28,80,7.3,0,92,89,90,41,Family
20,2024-09-19,59,Male,Master,41,41,51,31,9.3,6,54,54,20,53,Finance
21,2024-01-19,45,Male,PhD,36,67,44,80,8.1,5,70,41,77,74,Family
22,2023-09-18,53,Male,Bachelor,29,56,55,52,7.3,0,56,84,25,48,Family
23,2024-04-19,17,Male,High School,84,34,35,64,9.0,4,76,41,89,57,Studies
24,2023-03-26,36,Male,Elementary,41,54,78,88,7.6,6,27,30,63,37,Family
25,2024-06-06,48,Female,PhD,69,90,73,27,5.7,4,98,96,91,90,Health
26,2023-10-25,27,Female,Bachelor,33,51,46,44,5.2,6,39,22,43,84,Studies
27,2023-04-16,37,Female,High School,83,30,93,65,4.9,4,72,28,38,20,Finance
28,2024-12-10,59,Female,High School,66,29,58,49,9.4,5,31,79,37,23,Other
29,2024-07-20,40,Female,PhD,48,92,30,66,8.3,3,68,95,49,23,Health
30,2024-05-25,64,Male,Postgraduate,95,97,83,68,9.6,6,36,33,61,46,Work
31,2024-09-10,42,Female,Elementary,55,96,73,66,7.6,6,83,37,52,62,Relationships
32,2024-06-16,57,Male,High School,71,76,14,37,6.8,4,61,92,93,78,Finance
33,2023-12-30,43,Female,PhD,95,44,79,85,4.4,0,48,42,31,51,Finance
34,2023-05-02,31,Male,PhD,26,21,99,87,8.0,6,38,93,46,52,Finance
35,2024-12-04,30,Female,Bachelor,48,83,13,52,7.5,4,30,66,58,47,Health
36,2024-04-15,62,Female,Postgraduate,30,54,48,55,9.9,1,69,88,28,74,Work
37,2023-01-08,59,Male,Elementary,52,26,44,38,5.4,4,90,66,40,79,Other
38,2023-01-14,18,Male,Master,25,37,10,47,7.2,5,77,49,95,89,Studies
39,2024-07-04,52,Female,Bachelor,98,86,33,59,7.9,3,53,44,48,81,Work
40,2024-04-06,22,Male,High School,51,61,66,95,7.9,1,39,47,52,99,Health
41,2024-11-17,36,Female,High School,70,58,79,34,7.4,5,69,44,81,53,Finance
42,2023-10-25,24,Female,Bachelor,94,60,50,60,8.7,5,29,93,34,75,Relationships
43,2024-12-18,54,Other,PhD,77,94,63,58,5.2,5,51,97,21,32,Finance
44,2023-08-21,33,Male,High School,45,43,55,21,8.4,0,71,77,71,75,Studies
45,2024-11-26,19,Female,Postgraduate,65,79,69,82,7.7,5,34,60,63,37,Family
46,2023-11-12,40,Male,Elementary,48,65,69,48,9.4,0,22,44,73,73,Relationships
47,2023-11-01,29,Male,Postgraduate,23,38,66,93,9.1,5,56,97,37,96,Finance
48,2024-04-13,24,Male,High School,32,87,40,85,5.9,2,59,67,22,62,Other
49,2024-08-12,41,Female,Master,58,61,93,70,5.7,1,91,29,26,58,Relationships
50,2024-02-04,17,Female,Elementary,34,51,33,94,9.9,2,59,94,62,80,Family
51,2023-06-14,35,Male,Elementary,48,58,98,96,7.2,5,75,30,57,61,Work
52,2024-07-01,43,Male,Bachelor,48,55,45,29,9.4,1,42,40,56,98,Health
53,2023-04-28,62,Male,Bachelor,94,55,94,33,5.0,1,30,64,77,37,Finance
54,2024-01-06,22,Female,Master,51,22,39,70,7.9,6,83,26,52,42,Studies
55,2024-11-04,59,Male,PhD,21,92,33,92,8.9,3,27,83,78,73,Work
56,2024-06-07,23,Male,Elementary,66,27,39,58,9.7,2,75,83,30,49,Finance
57,2024-05-28,62,Female,Master,97,89,95,47,6.0,3,79,21,87,77,Work
58,2024-09-16,50,Female,Bachelor,41,60,16,22,8.3,1,29,95,87,87,Studies
59,2023-08-06,29,Male,Bachelor,94,87,44,89,7.2,0,58,61,41,86,Finance
60,2023-08-22,32,Male,Elementary,46,32,64,46,4.4,1,47,73,85,90,Family
61,2023-08-26,51,Female,Postgraduate,86,68,23,21,8.1,3,68,94,63,37,Family
62,2023-04-28,55,Female,High School,75,79,19,57,8.1,2,55,35,25,26,Studies
63,2023-08-21,19,Female,Bachelor,40,21,89,22,9.6,5,32,37,61,59,Relationships
64,2023-09-05,17,Female,PhD,66,79,25,35,7.0,6,55,78,44,89,Studies
65,2024-09-20,21,Male,PhD,99,24,63,59,5.4,6,45,35,76,84,Relationships
66,2024-10-30,57,Male,Bachelor,78,63,98,21,4.3,6,23,25,74,87,Finance
67,2024-05-25,19,Female,Postgraduate,25,46,86,60,6.5,5,83,76,35,68,Relationships
68,2023-12-14,44,Male,Postgraduate,38,51,79,31,5.8,6,57,66,33,71,Finance
69,2024-07-19,33,Male,Master,76,40,53,54,8.6,2,41,67,58,48,Finance
70,2023-03-14,41,Male,PhD,88,27,82,84,6.1,5,21,61,47,40,Other
71,2024-01-05,59,Male,Master,22,91,54,74,9.7,6,50,95,70,97,Health
72,2023-12-25,49,Female,PhD,20,69,65,64,9.8,5,30,79,68,28,Finance
73,2023-01-18,25,Female,High School,77,86,93,98,7.7,3,65,96,28,66,Relationships
74,2023-03-26,51,Male,High School,57,63,91,81,9.6,2,81,23,77,95,Health
75,2023-11-28,29,Male,Elementary,34,77,66,68,8.6,4,88,21,64,61,Health
76,2023-05-24,46,Female,Master,53,22,30,44,7.3,0,83,78,41,70,Finance
77,2024-10-30,63,Male,Bachelor,80,89,77,42,5.1,6,29,46,51,75,Studies
78,2024-06-10,30,Male,Master,54,21,59,43,6.8,0,59,46,88,70,Studies
79,2024-06-02,23,Female,Bachelor,83,63,42,57,7.4,5,43,98,88,89,Family
80,2024-10-06,29,Male,Postgraduate,44,21,16,47,9.2,0,63,91,61,39,Health
81,2024-05-08,38,Other,Master,43,54,79,40,6.9,2,79,26,72,46,Finance
82,2024-02-06,55,Other,Postgraduate,31,49,24,73,9.4,2,81,82,78,57,Other
83,2023-12-03,36,Female,High School,37,27,91,37,8.0,1,36,65,93,91,Studies
84,2024-12-05,31,Male,High School,34,41,41,55,4.8,6,84,82,58,84,Other
85,2024-09-13,60,Male,Elementary,99,63,84,64,10.0,1,76,31,34,73,Finance
86,2024-06-13,33,Male,Master,46,77,29,92,7.2,0,74,32,90,43,Finance
87,2023-02-15,62,Other,Postgraduate,91,55,97,72,6.4,4,72,62,48,66,Health
88,2023-12-27,39,Male,Bachelor,79,88,24,49,8.0,1,75,36,22,90,Other
89,2024-06-05,41,Male,High School,65,96,57,79,4.7,1,28,82,29,82,Family
90,2023-06-13,40,Male,High School,36,50,80,51,7.8,2,41,55,48,76,Health
91,2023-04-05,60,Male,Bachelor,72,66,30,86,7.0,4,32,27,98,74,Work
92,2023-07-01,56,Female,Postgraduate,27,74,51,86,6.4,5,67,88,54,79,Other
93,2023-08-22,44,Female,Postgraduate,98,99,35,47,9.7,0,37,99,25,81,Studies
94,2024-11-11,30,Female,Master,46,81,23,63,7.1,1,95,55,31,49,Studies
95,2024-02-21,60,Male,Master,65,49,66,98,5.3,4,59,47,57,41,Studies
96,2023-10-18,16,Female,PhD,69,74,46,60,6.8,6,36,66,96,94,Relationships
97,2024-03-06,40,Male,PhD,90,35,67,82,9.5,4,34,95,38,48,Finance
98,2024-07-12,22,Female,Elementary,22,31,30,42,5.1,0,34,49,86,60,Health
99,2024-12-11,24,Male,High School,83,36,91,94,5.3,4,98,42,27,61,Studies
100,2024-06-24,39,Male,Master,63,35,78,67,4.1,4,82,35,27,84,Work
101,2023-02-02,16,Male,Postgraduate,72,31,12,51,4.1,4,58,33,66,50,Studies
102,2024-07-07,59,Female,Bachelor,43,27,96,76,9.0,6,32,93,23,49,Family
103,2024-06-01,23,Male,Postgraduate,79,22,99,52,8.4,1,51,90,70,37,Finance
104,2024-08-21,39,Male,High School,22,35,46,43,6.1,0,28,71,86,36,Other
105,2024-02-11,26,Female,PhD,39,49,97,58,8.2,6,59,56,64,57,Finance
106,2023-09-13,32,Male,Postgraduate,65,42,58,53,6.4,4,39,48,27,33,Other
107,2023-04-29,23,Male,Elementary,34,24,28,75,9.7,4,96,86,35,98,Other
108,2024-09-01,50,Female,High School,44,84,98,47,9.8,1,99,34,96,75,Health
109,2024-09-28,50,Male,PhD,97,49,94,56,6.4,0,92,66,86,41,Relationships
110,2023-12-10,48,Female,Bachelor,90,40,21,26,9.1,2,82,65,28,86,Other
111,2024-10-27,20,Female,PhD,36,89,70,87,8.6,6,95,71,79,75,Other
112,2024-04-20,57,Female,Elementary,28,41,50,56,5.9,1,63,38,97,38,Health
113,2024-08-15,54,Female,High School,57,91,42,75,5.4,0,57,96,96,76,Studies
114,2023-06-21,56,Female,Bachelor,67,51,59,84,6.7,6,79,40,90,63,Family
115,2024-07-08,43,Male,Elementary,79,52,77,84,8.7,4,90,83,34,54,Work
116,2023-06-04,22,Male,PhD,82,35,80,66,9.8,0,67,56,90,20,Health
117,2024-04-29,24,Male,Elementary,21,95,95,39,8.6,0,37,46,60,71,Relationships
118,2023-07-06,23,Male,High School,91,57,42,38,9.1,5,35,74,41,89,Health
119,2023-02-27,27,Male,Master,30,33,90,48,7.6,0,74,48,43,56,Finance
120,2024-09-07,49,Male,Elementary,83,55,33,93,9.0,2,58,39,63,84,Studies
121,2024-12-12,48,Female,Elementary,96,42,70,79,8.7,0,87,44,20,70,Studies
122,2023-12-12,63,Female,PhD,91,85,70,37,6.3,2,78,89,29,20,Other
123,2023-11-26,38,Female,PhD,40,21,37,54,7.3,4,81,82,99,40,Studies
124,2024-01-31,39,Female,Bachelor,37,92,67,62,8.8,2,32,55,91,72,Studies
125,2023-09-18,52,Male,PhD,83,84,52,30,4.3,6,25,21,75,35,Studies
126,2024-06-11,50,Female,Postgraduate,57,94,50,68,8.8,4,96,41,69,80,Studies
127,2024-09-05,59,Male,High School,51,86,48,57,5.1,4,79,35,31,73,Work
128,2023-07-26,55,Other,High School,30,71,95,83,7.1,2,33,37,79,59,Relationships
129,2023-01-01,37,Male,Master,64,81,58,88,8.8,1,73,88,45,45,Other
130,2024-01-27,42,Female,Master,52,42,26,27,5.5,3,23,73,97,99,Studies
131,2023-03-15,50,Female,High School,60,45,79,53,5.5,0,58,49,60,84,Other
132,2024-08-23,16,Male,Master,27,87,79,67,6.4,5,91,64,55,93,Relationships
133,2023-03-22,50,Male,Bachelor,30,74,74,75,9.4,3,44,38,42,83,Family
134,2024-01-15,52,Female,PhD,70,25,83,95,4.0,0,96,53,62,62,Studies
135,2023-09-14,62,Male,High School,60,54,94,84,9.4,0,51,32,25,36,Other
136,2023-10-01,29,Female,Master,36,41,14,50,4.9,4,78,62,88,78,Health
137,2023-02-20,18,Female,High School,95,62,11,23,9.9,0,82,81,62,42,Other
138,2024-07-31,16,Female,Postgraduate,65,34,31,69,9.7,5,57,41,44,26,Studies
139,2023-01-09,20,Female,Elementary,51,79,66,88,7.0,0,72,71,37,63,Finance
140,2023-12-20,41,Other,PhD,98,31,75,49,7.1,2,86,71,81,72,Work
141,2023-10-09,29,Male,High School,99,68,83,78,6.9,3,47,55,32,90,Health
142,2024-03-02,54,Female,Elementary,73,61,25,86,7.8,2,22,92,62,98,Health
143,2023-10-09,42,Male,Master,39,57,60,94,4.5,5,99,38,97,53,Finance
144,2023-03-24,24,Male,Elementary,52,64,48,64,4.2,0,41,57,47,65,Studies
145,2023-10-08,30,Male,PhD,93,54,95,23,4.3,6,57,89,37,87,Work
146,2024-03-22,30,Female,High School,59,49,85,45,6.7,5,91,98,78,97,Health
147,2024-06-27,41,Female,Postgraduate,51,49,97,46,5.7,4,91,76,79,97,Work
148,2023-04-03,57,Female,Master,21,97,49,65,7.7,2,81,39,82,35,Health
149,2024-12-05,28,Female,High School,52,25,47,83,10.0,2,76,28,76,90,Studies
150,2023-10-20,47,Female,PhD,96,86,69,70,6.3,1,25,51,70,38,Family
151,2024-04-09,54,Male,Master,49,99,68,69,7.4,0,97,23,75,21,Health
152,2024-02-18,64,Female,Bachelor,52,26,19,25,6.5,4,51,69,46,29,Family
153,2023-05-21,47,Female,Elementary,96,71,73,78,9.1,6,29,24,51,69,Health
154,2024-07-28,19,Female,PhD,45,33,72,34,9.4,2,22,39,28,31,Relationships
155,2024-06-02,45,Female,Bachelor,41,92,58,49,9.3,2,78,94,87,89,Studies
156,2024-01-10,52,Female,High School,85,34,73,61,9.8,4,95,56,65,41,Finance
157,2023-10-02,38,Female,Postgraduate,57,40,41,56,4.2,5,68,41,86,51,Family
158,2024-11-27,54,Female,Master,65,54,16,61,9.0,5,78,77,45,20,Finance
159,2023-04-19,60,Female,Elementary,34,85,30,54,8.5,0,50,87,27,73,Studies
160,2023-02-17,30,Female,Master,63,21,29,25,5.4,1,88,63,25,77,Other
161,2023-05-13,58,Male,High School,68,54,35,87,9.7,2,81,53,99,89,Finance
162,2024-10-15,44,Female,Master,94,97,77,37,4.9,1,71,96,43,37,Studies
163,2024-10-17,51,Female,Elementary,80,39,95,92,8.1,5,60,61,67,25,Finance
164,2024-04-28,28,Female,High School,86,29,24,48,5.3,5,50,28,64,64,Family
165,2023-04-16,47,Male,Master,25,44,94,96,6.6,3,41,26,32,42,Relationships
166,2023-06-01,22,Female,Postgraduate,28,85,88,78,8.3,6,23,87,88,42,Finance
167,2023-01-12,37,Male,PhD,25,44,95,66,7.4,0,32,38,44,45,Family
168,2024-04-26,43,Male,High School,92,73,23,36,6.6,3,64,50,39,96,Health
169,2023-07-20,17,Female,PhD,51,52,36,41,6.0,6,61,54,85,26,Studies
170,2023-12-07,57,Male,High School,60,55,49,87,9.0,3,68,76,93,98,Work
171,2023-08-09,60,Male,Postgraduate,95,33,67,88,4.9,3,39,80,64,63,Other
172,2024-01-14,21,Female,PhD,27,84,37,56,6.6,0,96,50,66,46,Work
173,2024-07-20,43,Female,Bachelor,91,99,35,68,9.4,0,73,72,82,45,Studies
174,2023-10-26,43,Male,Elementary,69,73,72,32,9.1,4,55,51,95,98,Relationships
175,2024-07-18,59,Male,Bachelor,81,71,75,53,6.4,1,20,85,96,55,Finance
176,2024-11-12,59,Other,Master,81,22,34,72,8.6,1,34,78,74,74,Relationships
177,2024-04-04,35,Female,Postgraduate,26,60,12,70,8.9,4,96,29,94,83,Work
178,2024-07-16,45,Male,Bachelor,94,25,81,22,9.3,4,36,21,38,76,Other
179,2023-12-14,26,Female,High School,99,44,53,61,7.3,5,43,85,54,88,Family
180,2023-09-28,43,Male,Master,23,32,51,51,5.2,6,77,79,72,80,Other
181,2024-11-17,40,Male,Master,25,27,15,70,5.5,3,91,36,45,21,Studies
182,2023-05-28,54,Female,Bachelor,77,40,48,65,5.8,4,42,35,33,74,Studies
183,2024-02-21,48,Female,Bachelor,41,87,61,40,7.6,2,65,35,64,99,Relationships
184,2023-10-02,16,Female,Postgraduate,45,44,32,63,4.2,1,91,65,63,57,Family
185,2024-09-26,42,Female,Elementary,22,98,98,30,7.8,4,27,58,84,99,Relationships
186,2023-08-28,28,Female,Bachelor,60,87,59,87,6.2,2,78,50,70,97,Finance
187,2024-01-29,56,Male,Bachelor,79,64,52,20,5.8,2,78,20,62,48,Health
188,2023-05-09,18,Male,PhD,33,79,28,82,9.3,2,32,30,42,45,Family
189,2024-08-27,54,Male,High School,94,31,78,43,6.8,5,58,23,75,54,Health
190,2023-06-23,21,Male,PhD,31,51,60,32,4.6,5,47,90,38,98,Other
191,2024-09-06,23,Male,PhD,31,32,20,30,9.0,2,80,45,95,86,Finance
192,2023-11-24,42,Male,Master,32,50,21,70,4.3,6,35,69,74,48,Health
193,2024-08-26,24,Male,Elementary,44,97,83,36,8.4,5,21,31,79,53,Work
194,2024-12-29,52,Female,High School,64,39,17,43,8.6,3,36,94,78,60,Other
195,2024-06-06,48,Female,Postgraduate,38,37,33,38,6.1,2,49,84,52,60,Health
196,2024-10-24,57,Female,Postgraduate,74,79,50,56,8.9,3,32,66,38,42,Finance
197,2023-12-15,59,Female,Bachelor,64,82,45,27,7.1,3,32,72,47,90,Health
198,2023-05-04,39,Female,Bachelor,27,25,94,47,6.8,2,62,90,71,22,Studies
199,2023-11-01,30,Female,Postgraduate,72,51,81,24,4.3,1,40,21,68,77,Relationships
200,2023-12-16,47,Male,Bachelor,74,62,64,36,5.7,6,74,43,56,51,Work
201,2023-10-10,47,Male,Elementary,51,21,18,55,9.6,2,59,23,45,50,Studies
202,2024-01-26,39,Female,PhD,70,79,56,38,6.4,2,34,38,59,62,Studies
203,2024-01-27,56,Female,Bachelor,63,42,24,83,7.3,5,92,45,99,26,Finance
204,2024-08-19,64,Female,Master,89,50,57,30,7.2,2,71,94,57,20,Relationships
205,2023-11-15,64,Male,Bachelor,37,24,91,73,7.5,1,93,59,96,80,Relationships
206,2023-05-16,27,Female,High School,41,53,51,64,4.4,5,72,69,73,33,Family
207,2023-01-28,54,Male,Elementary,56,29,69,66,6.2,0,71,62,41,71,Other
208,2023-01-06,17,Female,High School,75,21,93,31,8.3,0,49,94,35,25,Work
209,2024-10-28,18,Male,High School,78,30,79,40,5.2,3,52,86,47,29,Other
210,2024-06-02,64,Other,Master,22,69,21,30,5.2,6,76,31,54,90,Finance
211,2023-02-09,52,Female,Elementary,47,50,11,24,4.1,3,71,86,79,49,Work
212,2024-05-22,64,Male,Elementary,93,75,16,75,6.6,1,28,46,64,40,Family
213,2024-02-25,32,Male,Elementary,54,98,89,39,9.3,4,73,73,65,79,Health
214,2024-11-03,64,Male,Elementary,80,92,12,60,4.3,6,20,85,91,93,Studies
215,2023-12-31,17,Female,Elementary,73,28,12,65,5.1,0,63,68,74,82,Work
216,2023-05-08,17,Male,Master,82,40,36,31,5.9,3,94,35,45,61,Other
217,2024-03-04,43,Male,Bachelor,98,92,49,89,8.4,0,99,21,44,70,Studies
218,2024-10-13,38,Male,High School,26,47,42,36,7.8,1,28,79,84,83,Finance
219,2023-10-03,52,Male,Elementary,95,81,10,38,6.5,1,51,73,25,95,Other
220,2024-04-25,47,Male,Bachelor,68,26,17,45,8.6,4,34,49,42,75,Health
221,2024-09-12,48,Other,Bachelor,50,99,41,67,7.7,4,31,57,83,99,Finance
222,2024-12-21,16,Male,High School,77,35,57,71,9.4,5,97,47,62,60,Health
223,2023-05-26,34,Male,Master,80,23,13,89,8.9,6,76,44,42,51,Health
224,2024-07-30,17,Male,Postgraduate,43,23,79,74,5.5,1,27,29,49,34,Studies
225,2023-08-19,59,Female,Postgraduate,39,59,28,94,5.6,3,91,79,96,81,Finance
226,2024-02-13,41,Male,Bachelor,56,36,41,52,4.8,0,46,61,37,46,Finance
227,2024-04-22,47,Male,PhD,23,71,18,81,6.0,2,81,59,98,47,Work
228,2024-06-19,21,Female,PhD,39,71,21,42,10.0,4,31,96,40,83,Other
229,2023-12-22,47,Male,High School,79,55,20,34,6.4,2,84,61,76,78,Finance
230,2023-12-12,19,Female,Postgraduate,43,57,55,46,5.3,3,61,66,42,77,Work
231,2023-10-10,26,Male,Bachelor,69,69,25,94,8.6,4,81,56,64,21,Relationships
232,2024-05-07,32,Male,Master,68,82,10,83,7.3,2,30,99,63,55,Relationships
233,2024-07-10,53,Male,Postgraduate,70,82,72,70,4.9,6,62,41,66,90,Relationships
234,2023-06-17,39,Female,Bachelor,55,81,30,72,6.3,3,36,76,59,32,Family
235,2024-09-16,20,Male,Bachelor,85,26,39,97,6.5,0,51,46,70,34,Finance
236,2024-05-14,49,Male,Elementary,98,46,22,70,8.5,6,59,60,61,79,Family
237,2024-06-09,21,Female,Master,53,33,43,66,4.1,3,42,99,26,41,Other
238,2023-09-04,37,Female,Elementary,55,90,13,23,5.6,5,75,53,69,82,Finance
239,2024-03-17,26,Male,High School,25,24,37,26,7.1,4,25,51,67,94,Work
240,2024-06-01,63,Female,Elementary,58,74,68,54,5.6,1,69,85,25,93,Family
241,2024-07-24,31,Female,Elementary,61,21,36,67,7.8,0,56,31,28,44,Family
242,2024-02-20,48,Male,Postgraduate,77,81,78,92,6.9,6,83,59,76,67,Other
243,2023-03-11,24,Female,PhD,31,40,34,91,6.2,6,73,92,50,62,Family
244,2023-03-25,21,Male,Bachelor,22,98,12,64,9.7,2,91,95,40,57,Health
245,2023-01-21,31,Female,Master,37,40,77,91,7.8,4,68,92,59,60,Work
246,2023-02-02,44,Male,Elementary,59,29,34,38,4.8,1,30,29,64,64,Relationships
247,2023-08-05,18,Female,Master,40,77,29,82,7.4,3,68,67,96,59,Work
248,2023-09-10,35,Male,PhD,34,58,43,57,8.7,1,40,39,68,36,Health
249,2023-02-17,51,Female,PhD,45,24,35,86,8.3,4,85,58,39,76,Other
250,2023-01-26,34,Male,Elementary,27,84,14,78,5.0,4,82,79,36,21,Other
251,2023-05-31,41,Female,High School,61,32,70,88,9.8,5,47,85,47,81,Finance
252,2023-09-20,18,Male,Elementary,63,72,18,32,6.7,5,36,84,60,28,Work
253,2024-11-20,34,Male,Postgraduate,33,64,59,66,5.0,1,25,70,85,87,Other
254,2024-04-06,35,Other,Bachelor,97,51,15,80,5.1,3,38,55,44,36,Family
255,2024-01-23,47,Male,High School,21,55,92,50,4.6,1,75,43,77,69,Other
256,2024-04-21,22,Female,Elementary,56,79,69,99,8.8,4,47,46,60,59,Other
257,2023-07-17,56,Male,Master,88,30,53,41,4.7,4,85,21,25,77,Other
258,2024-09-26,48,Female,High School,57,82,20,62,4.8,2,57,50,94,94,Other
259,2023-09-06,55,Female,High School,60,40,75,86,9.1,5,56,76,57,40,Relationships
260,2024-05-07,54,Female,Elementary,81,71,56,73,6.1,2,87,97,25,37,Relationships
261,2024-03-25,33,Male,High School,79,74,82,29,4.2,0,68,85,64,74,Finance
262,2023-06-18,55,Male,Master,33,45,94,61,4.3,4,62,48,94,48,Other
263,2024-11-30,16,Female,PhD,21,87,97,83,4.9,2,55,34,33,43,Work
264,2024-10-26,26,Male,High School,89,53,95,40,5.3,1,77,31,85,93,Health
265,2024-12-19,43,Female,PhD,36,71,12,99,8.0,5,32,47,59,36,Finance
266,2024-09-24,40,Female,Master,47,71,85,95,4.9,5,71,43,22,37,Work
267,2024-03-05,38,Female,Elementary,85,48,39,85,4.7,3,77,40,43,61,Other
268,2024-08-20,46,Female,Bachelor,54,57,99,60,8.6,1,51,29,38,64,Studies
269,2023-09-08,45,Male,High School,24,61,30,43,8.0,3,79,97,37,36,Other
270,2023-10-17,57,Male,Bachelor,84,40,37,54,6.6,2,77,37,83,92,Relationships
271,2024-11-18,50,Male,Master,59,61,99,75,7.3,6,75,33,54,33,Health
272,2023-12-19,22,Female,High School,95,32,71,49,5.9,0,47,53,81,68,Family
273,2024-12-11,31,Female,PhD,75,83,42,76,6.9,1,20,77,20,48,Health
274,2024-11-12,41,Female,Postgraduate,55,36,94,66,7.0,1,61,95,44,23,Family
275,2024-08-29,63,Male,Bachelor,64,28,44,54,6.3,1,67,41,64,39,Health
276,2023-05-09,64,Female,High School,42,60,61,38,9.4,3,59,89,68,66,Relationships
277,2024-12-26,17,Male,Bachelor,66,20,43,27,4.1,2,82,55,35,28,Family
278,2024-01-12,16,Other,High School,50,21,50,45,8.7,1,95,64,38,96,Work
279,2023-01-11,63,Male,Elementary,30,79,60,90,4.7,6,91,55,42,98,Family
280,2023-06-08,27,Male,PhD,29,67,56,49,8.8,1,99,41,44,46,Finance
281,2024-02-18,20,Female,Bachelor,86,48,91,26,7.7,5,23,97,35,34,Work
282,2023-11-02,52,Male,Postgraduate,33,29,67,86,9.1,0,57,99,73,38,Finance
283,2023-10-06,47,Male,Postgraduate,99,77,84,84,4.6,5,46,80,92,71,Other
284,2024-05-22,24,Male,Master,93,79,66,55,7.4,5,28,75,20,45,Health
285,2023-02-08,56,Female,High School,29,40,32,44,7.0,0,35,52,61,45,Work
286,2024-12-22,50,Female,Bachelor,95,47,57,56,8.2,6,75,64,38,45,Health
287,2024-09-14,34,Female,Master,20,94,31,20,7.2,2,95,55,53,65,Other
288,2023-04-17,63,Male,Bachelor,24,53,26,34,7.2,5,50,39,99,68,Studies
289,2023-03-27,31,Male,High School,39,27,78,56,6.6,2,33,37,74,72,Health
290,2024-04-26,18,Male,Postgraduate,27,78,20,32,5.9,5,44,57,37,22,Other
291,2023-10-17,35,Female,Elementary,62,91,24,27,6.9,4,53,86,53,85,Health
292,2024-10-22,39,Male,Postgraduate,95,68,44,24,4.7,0,86,42,64,61,Other
293,2024-08-18,48,Female,Master,20,98,42,79,9.8,5,43,35,25,38,Finance
294,2024-11-23,39,Female,PhD,76,36,93,92,8.3,4,92,78,40,36,Other
295,2024-05-06,26,Female,Elementary,83,79,25,20,9.7,3,45,88,89,52,Family
296,2024-03-18,64,Male,Master,47,64,43,55,5.4,4,39,87,67,95,Studies
297,2024-03-14,23,Female,High School,56,88,75,54,9.3,1,83,40,58,68,Health
298,2023-06-13,51,Male,Elementary,66,51,49,85,8.9,5,29,97,50,75,Other
299,2023-04-20,53,Male,Master,95,63,37,82,8.1,4,86,97,29,82,Other
300,2023-11-13,55,Female,High School,56,84,56,42,7.8,2,43,89,49,22,Health
301,2024-05-29,35,Male,Postgraduate,68,27,48,28,5.9,3,24,31,37,68,Studies
302,2024-07-09,50,Female,PhD,63,96,79,53,8.9,6,86,35,79,74,Studies
303,2023-06-09,63,Female,High School,75,91,82,65,7.0,5,77,33,92,45,Other
304,2023-03-14,40,Female,Bachelor,47,62,29,97,4.4,1,46,80,34,91,Work
305,2023-09-29,50,Female,High School,98,20,10,23,5.9,6,99,90,23,71,Finance
306,2023-04-16,40,Male,High School,25,70,81,49,9.6,4,34,65,82,26,Studies
307,2023-02-12,44,Female,PhD,80,43,96,94,9.1,6,54,51,59,65,Studies
308,2024-07-02,33,Male,Bachelor,39,43,72,91,9.9,6,95,34,28,65,Relationships
309,2023-11-21,61,Male,Master,97,36,76,22,7.8,3,72,63,28,35,Family
310,2023-01-26,33,Male,Master,21,24,13,33,5.5,6,63,36,45,43,Studies
311,2023-10-21,17,Male,High School,92,39,67,79,5.0,6,45,60,23,80,Finance
312,2024-03-06,50,Male,Bachelor,56,40,34,96,5.1,5,66,73,35,73,Family
313,2023-05-15,31,Female,Bachelor,39,77,56,64,4.1,3,53,63,34,81,Family
314,2023-04-20,56,Female,PhD,45,50,47,53,6.3,1,69,24,71,20,Health
315,2024-08-06,51,Male,Postgraduate,48,30,24,64,5.1,4,31,46,88,68,Health
316,2023-02-10,48,Male,Master,20,71,72,80,6.5,3,23,97,24,44,Health
317,2024-02-12,19,Female,PhD,54,34,30,35,9.6,3,67,98,39,29,Health
318,2024-12-09,48,Male,Elementary,89,26,66,85,6.6,0,74,62,98,99,Relationships
319,2024-08-27,29,Female,Master,78,47,62,59,9.3,3,20,50,37,35,Studies
320,2023-11-07,36,Male,PhD,88,70,55,36,7.6,0,85,36,21,77,Health
321,2023-10-19,63,Female,Master,52,77,23,53,5.5,4,49,73,32,91,Other
322,2024-01-13,35,Female,Postgraduate,70,24,85,35,6.1,6,22,81,23,48,Work
323,2023-02-21,23,Female,Elementary,97,24,26,79,4.5,5,40,51,61,25,Health
324,2023-09-04,22,Male,Postgraduate,31,27,48,85,6.0,5,68,59,93,35,Studies
325,2024-12-21,18,Male,Elementary,39,83,18,85,8.1,4,81,32,80,39,Health
326,2023-05-10,32,Female,High School,72,29,86,32,4.4,4,57,54,27,99,Relationships
327,2024-11-30,48,Male,PhD,62,57,88,75,5.2,2,34,24,86,90,Finance
328,2023-04-04,63,Female,Elementary,69,27,91,50,6.3,6,71,92,82,97,Finance
329,2023-01-21,27,Male,Postgraduate,48,44,15,53,9.9,4,98,48,28,62,Studies
330,2023-07-11,37,Female,Master,76,92,32,58,8.7,3,65,89,30,45,Other
331,2024-04-01,37,Female,Elementary,58,85,68,86,8.4,5,44,44,61,97,Finance
332,2023-03-29,61,Male,PhD,75,98,55,27,4.7,1,40,41,32,90,Finance
333,2023-04-18,45,Other,Elementary,62,69,47,97,8.7,5,24,85,55,52,Work
334,2023-02-06,53,Male,Bachelor,69,86,23,74,8.7,0,89,64,32,45,Studies
335,2023-07-11,53,Male,Master,42,68,81,46,7.6,5,66,88,31,64,Other
336,2023-06-14,60,Male,PhD,63,55,71,72,9.9,2,87,91,56,82,Studies
337,2023-04-12,23,Female,PhD,57,87,44,58,6.0,6,37,20,93,86,Finance
338,2023-09-09,42,Other,High School,42,97,28,84,9.6,4,40,63,92,71,Finance
339,2024-08-10,42,Male,Postgraduate,64,60,39,36,9.5,6,42,94,71,87,Finance
340,2023-08-20,49,Male,High School,71,81,87,49,4.1,4,83,58,90,45,Family
341,2024-07-12,36,Male,PhD,99,29,93,72,6.7,5,86,73,21,94,Relationships
342,2024-07-11,45,Male,Master,69,40,34,32,9.9,1,59,94,75,21,Health
343,2024-02-12,48,Male,Elementary,27,55,49,40,4.6,1,29,48,79,33,Relationships
344,2024-10-04,43,Female,Elementary,20,31,97,38,7.3,2,71,73,42,49,Studies
345,2023-02-15,62,Male,Master,27,21,23,72,9.9,0,91,35,59,68,Work
346,2023-05-08,48,Female,PhD,48,32,35,38,7.3,5,94,39,83,31,Health
347,2023-01-15,20,Other,Elementary,24,72,96,76,5.1,4,80,65,42,63,Work
348,2024-05-04,63,Male,Elementary,66,51,31,44,7.5,5,83,86,48,52,Other
349,2024-04-01,34,Female,Elementary,53,35,57,50,5.2,2,24,84,97,32,Family
350,2023-01-21,19,Male,Postgraduate,84,51,92,74,7.1,3,72,77,70,97,Studies
351,2023-03-03,50,Male,Postgraduate,74,51,60,42,4.4,3,74,72,88,45,Family
352,2023-02-23,64,Male,Bachelor,62,30,12,51,7.6,2,56,20,50,40,Studies
353,2024-05-11,32,Male,High School,93,29,51,81,7.1,4,75,85,69,47,Work
354,2023-04-20,59,Female,Master,49,34,28,93,8.4,6,78,48,39,67,Work
355,2024-01-11,43,Male,Master,36,36,82,29,7.8,2,88,89,74,59,Work
356,2024-01-14,45,Male,Master,45,59,37,91,7.3,4,92,27,21,85,Studies
357,2023-01-04,44,Female,Bachelor,27,37,93,73,8.1,1,78,48,44,92,Finance
358,2023-11-12,61,Male,Postgraduate,66,74,54,71,4.9,2,21,70,32,98,Work
359,2024-03-21,21,Female,PhD,95,92,80,39,7.6,4,84,52,89,96,Family
360,2023-08-21,50,Female,PhD,91,44,87,51,5.0,2,79,22,86,42,Other
361,2023-04-21,56,Male,Bachelor,65,78,72,33,9.6,2,70,79,77,67,Health
362,2024-03-24,52,Male,PhD,87,97,82,69,4.4,6,49,54,94,21,Studies
363,2023-12-16,39,Female,Master,52,41,28,47,6.6,6,30,88,83,39,Family
364,2023-11-30,44,Male,High School,20,49,56,72,8.2,4,95,95,88,78,Relationships
365,2023-06-23,64,Female,Elementary,38,63,23,43,6.7,4,58,39,78,65,Other
366,2023-10-29,61,Female,Postgraduate,50,51,47,98,4.6,0,96,92,79,22,Relationships
367,2023-05-23,46,Female,Postgraduate,99,70,62,41,7.3,2,91,58,81,74,Health
368,2023-11-29,50,Female,Bachelor,33,65,70,49,7.8,3,82,23,35,31,Finance
369,2023-10-05,48,Female,Postgraduate,72,40,45,82,8.2,2,83,38,87,59,Work
370,2024-11-07,36,Male,Master,67,51,49,23,6.2,2,80,64,34,85,Studies
371,2024-11-28,47,Male,PhD,88,58,90,96,7.4,4,73,62,74,97,Family
372,2023-06-09,38,Female,Master,81,31,39,78,6.7,2,92,32,54,35,Work
373,2024-09-19,48,Male,Bachelor,85,66,18,27,8.0,5,77,32,74,53,Family
374,2023-07-06,18,Male,Master,83,37,73,31,7.5,2,75,79,33,63,Studies
375,2023-01-05,33,Female,PhD,89,40,42,50,7.2,5,53,76,68,25,Relationships
376,2024-07-19,40,Male,High School,82,32,61,97,5.5,6,50,71,26,96,Work
377,2023-06-11,57,Other,Bachelor,92,40,98,53,4.0,3,71,72,49,83,Health
378,2024-05-26,46,Female,High School,52,27,23,94,5.0,4,95,62,68,41,Finance
379,2024-08-16,18,Female,Elementary,60,65,84,95,4.7,2,20,91,35,37,Health
380,2024-11-29,55,Male,High School,67,26,62,68,6.7,5,74,91,70,31,Finance
381,2024-07-21,61,Male,Elementary,32,42,68,98,7.7,5,41,61,91,71,Other
382,2023-01-03,39,Female,Elementary,92,94,87,76,5.3,6,59,45,99,70,Family
383,2024-02-14,47,Male,High School,96,41,50,45,9.6,5,20,42,61,90,Work
384,2024-02-16,62,Male,Bachelor,50,41,77,37,4.0,1,84,62,36,67,Work
385,2023-10-12,37,Male,PhD,94,48,77,57,8.6,0,82,96,82,38,Other
386,2024-06-28,38,Male,Master,87,32,17,69,7.8,3,73,47,64,25,Finance
387,2023-02-26,17,Male,Master,23,21,11,27,6.2,6,61,28,96,46,Relationships
388,2023-07-17,42,Female,PhD,38,48,95,60,4.3,6,40,39,26,72,Studies
389,2024-08-06,57,Female,Elementary,89,98,50,25,7.8,2,98,75,46,67,Health
390,2024-07-31,17,Male,Elementary,32,71,64,88,6.3,1,41,58,29,26,Other
391,2024-09-19,41,Male,Bachelor,42,46,25,63,9.6,2,57,70,53,78,Family
392,2024-09-08,32,Female,Postgraduate,94,69,71,83,7.3,2,99,31,55,88,Other
393,2024-11-12,55,Male,High School,20,98,57,48,9.6,4,27,98,44,30,Health
394,2024-04-13,48,Male,Elementary,73,42,39,47,5.3,4,81,74,25,34,Health
395,2024-06-03,24,Female,Master,90,63,21,30,8.4,4,66,97,43,83,Family
396,2024-03-31,58,Male,Bachelor,34,96,44,84,7.7,1,36,30,37,22,Family
397,2024-11-25,63,Male,High School,84,41,20,38,8.4,2,36,45,25,88,Work
398,2024-08-15,54,Male,Bachelor,95,62,73,28,5.3,0,32,61,48,42,Health
399,2024-11-02,44,Male,High School,90,56,59,46,8.0,3,36,46,44,72,Studies
400,2023-10-31,57,Female,High School,34,80,94,53,7.0,4,57,30,74,56,Studies
401,2024-08-05,41,Male,PhD,40,75,30,63,8.5,4,97,57,65,28,Finance
402,2023-05-31,50,Female,Elementary,38,22,78,87,6.0,6,64,62,43,34,Other
403,2023-02-24,40,Female,Bachelor,79,82,57,34,9.3,2,25,38,94,22,Family
404,2024-07-13,39,Male,Bachelor,52,38,29,70,4.5,2,54,83,45,89,Work
405,2023-10-23,28,Female,PhD,68,42,76,32,8.8,1,33,25,47,36,Studies
406,2023-10-02,22,Female,Master,54,48,53,68,9.2,1,91,65,22,45,Relationships
407,2024-02-01,51,Male,Master,63,49,42,89,8.9,4,80,61,94,40,Work
408,2023-10-30,60,Female,Elementary,30,58,82,75,7.1,2,34,84,57,91,Work
409,2024-02-24,35,Female,Elementary,91,44,70,95,6.6,0,73,91,80,40,Studies
410,2024-03-17,16,Male,Postgraduate,97,27,18,70,10.0,3,46,78,97,30,Relationships
411,2023-10-16,23,Male,PhD,93,77,77,56,5.4,2,32,71,70,57,Finance
412,2024-09-28,61,Female,Master,85,35,44,36,7.3,6,50,66,67,91,Studies
413,2023-06-17,31,Male,High School,65,91,90,77,8.0,2,54,26,40,54,Relationships
414,2023-05-04,29,Male,Bachelor,28,20,97,48,8.2,5,79,30,73,33,Work
415,2024-05-06,27,Male,Elementary,22,24,74,52,5.2,1,25,80,75,33,Relationships
416,2023-07-05,38,Male,Bachelor,45,22,17,79,7.9,6,88,87,78,29,Work
417,2024-07-17,30,Other,Bachelor,91,84,54,74,8.9,3,77,44,91,31,Other
418,2024-04-05,43,Male,Postgraduate,67,23,96,29,4.3,4,68,31,70,57,Studies
419,2023-12-06,49,Male,Master,85,83,56,66,9.5,6,42,45,39,53,Family
420,2023-11-16,17,Male,Elementary,89,29,49,42,4.2,2,53,31,78,60,Studies
421,2024-10-24,47,Female,Bachelor,47,40,85,40,6.1,4,45,62,90,29,Other
422,2023-07-09,38,Female,Elementary,45,65,63,32,4.1,2,66,70,28,36,Health
423,2023-05-28,37,Male,High School,44,46,85,52,4.5,4,24,56,20,36,Health
424,2024-06-05,40,Male,Postgraduate,31,85,55,43,9.5,3,39,65,48,86,Health
425,2023-11-28,37,Male,High School,24,60,56,30,6.1,1,25,72,82,81,Studies
426,2024-07-04,37,Female,Elementary,67,32,24,36,6.5,3,89,99,91,20,Finance
427,2024-05-28,64,Male,Elementary,56,28,28,87,5.3,5,78,32,75,31,Studies
428,2023-09-12,57,Female,Master,98,55,35,66,7.6,0,83,73,87,23,Other
429,2023-12-27,21,Female,Bachelor,63,77,61,44,7.6,1,37,76,54,61,Other
430,2023-06-20,30,Male,Bachelor,34,73,31,92,6.2,3,23,23,22,32,Family
431,2024-05-27,58,Male,High School,62,31,30,40,6.0,5,36,94,26,23,Relationships
432,2023-05-14,52,Male,Postgraduate,67,97,60,31,9.3,0,33,68,46,88,Studies
433,2023-11-29,48,Male,PhD,89,33,47,56,6.3,5,97,26,20,38,Studies
434,2023-04-05,23,Female,Bachelor,65,53,29,61,7.0,2,32,30,99,21,Work
435,2023-10-16,59,Male,Master,62,72,38,36,5.7,2,26,73,90,31,Other
436,2024-08-28,59,Female,High School,40,39,60,67,8.7,4,63,64,63,93,Work
437,2024-10-23,20,Male,High School,42,94,13,47,6.4,1,34,42,60,25,Work
438,2023-11-26,54,Male,PhD,99,35,64,60,7.1,2,38,47,94,27,Studies
439,2024-05-21,19,Male,Master,66,89,80,66,5.5,6,82,76,61,70,Finance
440,2024-09-23,21,Male,Postgraduate,34,75,37,37,9.9,5,54,45,52,30,Relationships
441,2024-12-16,60,Male,Master,44,77,13,97,5.7,1,54,44,69,82,Relationships
442,2024-04-05,47,Male,Postgraduate,55,23,31,90,8.6,6,38,73,82,76,Other
443,2024-12-19,45,Female,Master,94,23,85,32,6.6,2,39,48,56,31,Family
444,2024-09-05,62,Female,Master,70,39,54,32,5.2,4,54,55,78,92,Other
445,2024-04-10,50,Female,Elementary,34,29,76,50,8.8,3,51,33,67,21,Finance
446,2023-05-16,55,Female,High School,87,43,95,21,6.0,4,67,97,24,27,Finance
447,2023-05-06,31,Male,Master,40,45,75,35,9.2,6,63,54,67,30,Relationships
448,2023-04-10,28,Male,PhD,32,56,97,28,9.5,0,43,49,22,72,Health
449,2024-08-06,57,Female,Master,38,73,43,92,9.2,2,80,36,66,29,Work
450,2024-11-11,45,Female,Bachelor,53,40,64,57,4.2,6,36,86,81,27,Work
451,2023-10-22,34,Female,High School,97,93,10,94,8.7,0,90,99,33,55,Relationships
452,2024-07-28,32,Male,Bachelor,87,57,81,73,6.5,0,69,49,82,95,Other
453,2024-04-24,34,Male,High School,71,65,96,75,9.2,5,84,64,80,33,Finance
454,2023-04-17,43,Female,Bachelor,46,23,47,64,7.8,1,51,98,50,73,Other
455,2024-04-01,41,Male,Master,48,79,15,53,9.0,5,55,70,36,40,Family
456,2023-06-06,52,Male,Master,47,76,95,28,7.0,2,32,66,43,69,Health
457,2023-11-03,41,Female,Elementary,54,64,34,27,7.2,0,89,72,42,58,Relationships
458,2024-11-10,38,Male,PhD,27,39,91,26,4.9,6,77,83,69,39,Work
459,2023-08-03,24,Male,Bachelor,35,36,26,55,8.7,3,33,57,97,26,Studies
460,2024-08-02,27,Female,Postgraduate,55,90,70,37,6.5,0,56,83,98,28,Other
461,2024-09-12,16,Female,Elementary,49,23,21,22,7.0,6,98,26,98,20,Finance
462,2024-04-21,16,Female,Bachelor,37,33,15,47,8.7,3,87,41,89,45,Studies
463,2023-08-28,62,Female,Bachelor,21,22,99,89,7.6,5,59,60,46,57,Family
464,2023-12-11,49,Male,Elementary,68,99,36,63,5.2,5,78,93,34,57,Relationships
465,2024-06-06,47,Male,Master,96,77,17,40,7.5,1,99,29,69,80,Other
466,2023-09-22,63,Female,Bachelor,23,74,92,47,6.4,6,35,76,55,63,Work
467,2023-04-15,40,Female,Master,94,23,74,73,6.8,0,81,26,27,63,Other
468,2023-03-06,55,Female,Elementary,26,43,66,73,4.2,4,23,69,98,93,Health
469,2023-01-02,60,Female,Master,93,53,49,84,5.3,5,64,71,22,81,Studies
470,2023-08-16,16,Male,High School,58,49,23,40,5.7,5,47,52,81,25,Health
471,2023-08-02,31,Female,Postgraduate,32,38,44,32,8.3,1,85,20,66,36,Family
472,2023-11-06,54,Female,Bachelor,50,50,57,76,4.1,3,50,72,96,70,Work
473,2023-02-09,20,Female,PhD,90,79,93,68,6.5,1,22,79,80,57,Studies
474,2024-03-02,37,Male,Postgraduate,82,79,65,73,9.5,0,27,53,51,43,Family
475,2024-05-20,44,Female,Master,75,38,58,29,4.7,6,43,23,32,70,Health
476,2023-06-23,18,Male,Bachelor,61,68,22,72,7.1,2,34,36,20,29,Health
477,2023-10-22,27,Female,Master,80,82,70,63,8.7,2,62,23,53,91,Studies
478,2024-05-16,41,Male,High School,61,41,58,66,9.7,6,50,62,81,40,Work
479,2024-11-09,31,Male,Elementary,75,43,55,72,8.5,3,92,23,98,89,Health
480,2023-05-13,52,Female,Bachelor,55,95,71,93,8.3,5,64,20,97,76,Relationships
481,2024-08-20,37,Female,High School,87,49,17,65,9.0,3,85,90,90,58,Family
482,2023-12-04,44,Male,High School,26,77,52,32,6.7,5,27,69,50,52,Studies
483,2024-08-19,29,Male,Bachelor,73,50,29,56,8.8,5,90,92,83,78,Finance
484,2023-05-07,43,Female,Master,20,83,99,43,4.0,2,76,80,44,37,Finance
485,2023-01-20,20,Male,PhD,63,38,48,21,9.5,3,99,54,57,75,Work
486,2023-05-03,62,Male,High School,64,67,94,33,6.7,1,49,27,33,76,Relationships
487,2024-11-22,64,Male,Postgraduate,66,64,58,29,7.3,5,93,43,27,95,Health
488,2024-04-17,45,Female,High School,32,74,73,54,5.5,4,37,55,73,67,Finance
489,2024-04-07,61,Male,PhD,41,74,71,44,8.5,4,88,69,21,61,Work
490,2024-06-29,20,Female,Master,40,37,63,22,4.5,1,58,62,97,46,Family
491,2023-11-21,27,Male,Master,28,82,18,36,9.2,4,79,46,75,93,Relationships
492,2023-01-17,31,Female,Postgraduate,45,66,97,31,9.0,0,62,51,80,71,Relationships
493,2024-04-28,41,Female,High School,28,94,46,73,5.3,5,64,97,41,61,Other
494,2024-10-23,41,Female,Master,34,76,58,43,8.9,1,42,37,54,51,Work
495,2024-07-16,63,Male,PhD,29,64,50,48,8.7,3,88,47,35,45,Work
496,2023-03-25,36,Female,Bachelor,61,52,26,62,7.8,5,25,48,69,44,Other
497,2023-07-12,54,Female,Elementary,91,36,97,44,6.2,1,75,35,62,94,Health
498,2024-04-06,51,Female,Elementary,43,89,30,79,5.6,2,23,66,36,42,Work
499,2024-12-13,48,Male,Elementary,99,23,60,84,5.4,3,42,78,99,76,Other
500,2023-01-15,45,Other,High School,68,39,68,47,5.9,2,25,50,77,71,Health
